,405-13-2494,Janeva,Mackerness,jmackerness0@netlog.com,Male,1958-12-15,6 Pankratz Road,6749351988
,190-94-1407,Collete,Scay,cscay1@google.com.hk,Genderqueer,1997-06-11,7 Kipling Lane,8369024037
,746-08-2438,Jennilee,Maase,jmaase2@ezinearticles.com,Genderqueer,2004-02-11,15 Sherman Lane,7466325343
,709-48-1590,Lebbie,Redmayne,lredmayne3@google.co.jp,Genderfluid,1999-04-05,24677 Schurz Plaza,4041303460
,250-78-5154,Royce,Saville,rsaville4@booking.com,Agender,1978-05-03,66 Lindbergh Street,4235625033
,874-07-6357,Randie,Kubek,rkubek5@com.com,Non-binary,2020-05-27,230 Melrose Crossing,4878576958
,293-82-6549,Murdoch,Taill,mtaill6@t.co,Genderqueer,2000-08-09,2897 Loftsgordon Trail,9605079239
,736-69-2079,Giavani,Norgan,gnorgan7@hao123.com,Female,1987-02-08,70832 Meadow Valley Court,9263540713
,698-65-2381,Maximilian,Itzkovwitch,mitzkovwitch8@typepad.com,Bigender,1948-07-31,69577 Shelley Place,5525684668
,327-76-9216,Karlotta,Ruddin,kruddin9@ebay.co.uk,Non-binary,1940-09-09,4 Holy Cross Terrace,3194753760
,148-57-0017,Winnie,Collingdon,wcollingdona@moonfruit.com,Bigender,1975-05-05,2 Park Meadow Road,3793515619
,840-78-7202,Adel,Thominga,athomingab@goodreads.com,Bigender,1988-12-21,8008 Sauthoff Alley,1758813904
,525-55-7084,Phineas,Galpen,pgalpenc@cnet.com,Polygender,1988-08-23,11 Sage Avenue,3051977140
,656-25-8681,Franz,Seebert,fseebertd@sfgate.com,Male,2013-03-06,341 Meadow Ridge Parkway,1995619193
,746-78-5907,Lita,Aisbett,laisbette@miitbeian.gov.cn,Genderfluid,1998-08-23,5 Boyd Circle,1299312173
,555-22-7441,Felice,Tettley,ftettleyf@seesaa.net,Polygender,2016-12-08,9 Spohn Point,4436862634
,140-19-2722,Bibbye,Burgwin,bburgwing@thetimes.co.uk,Male,1970-04-24,4 Dapin Hill,9614250539
,510-01-0017,Evin,Romayne,eromayneh@lycos.com,Genderfluid,1989-09-27,76 School Trail,5878836925
,570-83-4586,Jameson,Addison,jaddisoni@t.co,Genderqueer,1973-06-23,4 Northfield Junction,7316862676
,393-68-8909,Carlen,Fagence,cfagencej@alibaba.com,Bigender,1958-02-26,0 Vera Avenue,4069576224
,257-62-3934,Roma,Rowlin,rrowlink@stanford.edu,Female,1952-10-22,950 Almo Way,2967419055
,257-49-2171,Elena,Strowger,estrowgerl@google.com.br,Male,1967-06-20,001 Declaration Plaza,4177163107
,757-16-0803,Justinian,Simmell,jsimmellm@oakley.com,Agender,2008-05-29,2 Chinook Parkway,5428788475
,372-59-5373,Jobi,Trudgion,jtrudgionn@java.com,Agender,1946-11-09,4719 Crescent Oaks Way,7551755064
,705-11-6230,Garrett,Furman,gfurmano@wisc.edu,Bigender,2004-05-23,366 Farwell Pass,5662418654
,125-89-1850,Ann,Colin,acolinp@msu.edu,Polygender,1977-08-15,811 Londonderry Lane,3307869529
,331-30-0672,Dacie,Hewson,dhewsonq@a8.net,Genderqueer,2021-10-12,8833 Memorial Place,9158436397
,892-17-7527,Merrill,Daugherty,mdaughertyr@pcworld.com,Non-binary,1977-08-12,85 Rusk Park,5976751018
,869-40-8124,Andie,Jeffcock,ajeffcocks@bluehost.com,Female,2019-12-08,66457 Clarendon Road,9709455935
,196-56-7501,Cathryn,Hawe,chawet@vk.com,Non-binary,1994-05-17,9164 Holy Cross Street,8412252169
,806-23-9617,Alic,Canton,acantonu@cbsnews.com,Non-binary,1959-04-13,66 Forster Court,9581095575
,693-77-5971,Kristen,Chritchlow,kchritchlowv@google.com.br,Female,2014-11-17,8305 Boyd Avenue,9924774829
,798-90-2717,Adel,Dalgarnowch,adalgarnowchw@epa.gov,Genderqueer,1951-07-19,5792 Esker Alley,5031805833
,474-24-5853,Jonell,Shaul,jshaulx@is.gd,Agender,1944-03-01,4549 Green Avenue,2867786971
,147-18-9309,Cahra,Ghiron,cghirony@spotify.com,Female,2009-10-14,1 David Parkway,2647915458
,818-71-2350,Dannie,Schultze,dschultzez@squarespace.com,Agender,1949-06-14,45 4th Court,6042226607
,215-16-6199,Harold,Widdows,hwiddows10@techcrunch.com,Genderfluid,2005-10-04,76 Schurz Trail,8711947666
,479-08-7911,Benson,Cumbers,bcumbers11@artisteer.com,Polygender,1983-11-01,784 Darwin Park,2453371320
,766-10-4741,Lucina,Triggs,ltriggs12@ocn.ne.jp,Agender,1997-10-12,4 Towne Road,4121418867
,792-07-9463,Ev,Kasper,ekasper13@elpais.com,Male,2021-05-15,521 Ronald Regan Pass,5383073534
,205-85-8117,Carlen,Klaaasen,cklaaasen14@yelp.com,Male,1948-06-16,0 Bultman Street,2926114153
,609-99-7535,Simonne,McGauhy,smcgauhy15@ihg.com,Bigender,1963-02-03,8517 Sutteridge Pass,2723618796
,574-38-2821,Orsa,Jankovic,ojankovic16@storify.com,Female,1959-09-15,1858 Amoth Parkway,5174919443
,845-45-1747,Obie,Szubert,oszubert17@fc2.com,Polygender,1982-10-30,44752 Menomonie Lane,8168442540
,787-22-2691,Ruthie,Woodbridge,rwoodbridge18@nsw.gov.au,Bigender,1957-09-15,36 Continental Court,5002655394
,304-75-6278,Jo-anne,Zottoli,jzottoli19@webs.com,Genderfluid,1972-08-26,97 Trailsway Avenue,2455317413
,898-08-5069,Dorolisa,Leyson,dleyson1a@ft.com,Agender,1969-02-23,3225 Magdeline Place,9127884008
,757-03-8951,Elianore,Phripp,ephripp1b@stumbleupon.com,Bigender,1973-07-24,8242 Cordelia Junction,5612646901
,312-66-7824,Berni,Heaseman,bheaseman1c@intel.com,Polygender,1979-12-13,4 Walton Park,1707405227
,101-08-9410,Trudey,Bohman,tbohman1d@abc.net.au,Genderfluid,1995-05-27,4738 Mandrake Place,6415525453
,641-11-2718,Petey,O'Reagan,poreagan1e@ebay.com,Genderqueer,1957-01-14,617 Lunder Park,1661723402
,837-74-8858,Dav,Allwell,dallwell1f@domainmarket.com,Polygender,1989-09-08,542 Porter Park,3551992637
,320-85-4921,Hercules,Braidley,hbraidley1g@hubpages.com,Agender,1991-08-22,586 Mayfield Pass,2459719358
,860-71-2967,Catarina,Mughal,cmughal1h@live.com,Agender,2009-01-22,2813 American Road,2546363423
,482-28-7416,Wallas,Joost,wjoost1i@paypal.com,Agender,2001-06-18,25536 Orin Parkway,8431456969
,267-75-0071,Dilly,Whild,dwhild1j@hatena.ne.jp,Genderfluid,2018-09-22,6802 Oxford Crossing,7885461336
,642-92-8806,Felike,Buzine,fbuzine1k@jalbum.net,Genderqueer,1966-09-13,59 Tony Lane,3075254628
,807-22-5203,Nevile,Riddlesden,nriddlesden1l@over-blog.com,Genderfluid,1982-05-14,46 Springview Alley,2632278957
,647-69-8439,Pablo,Lennarde,plennarde1m@mtv.com,Female,1974-03-24,83 Truax Junction,2617973445
,858-52-4677,Marley,Jebb,mjebb1n@accuweather.com,Male,1970-09-15,8 Pepper Wood Crossing,5371004148
,326-18-9026,Sib,Vakhrushin,svakhrushin1o@sbwire.com,Non-binary,1996-12-01,69594 Loomis Junction,4878005822
,227-70-9256,George,Griffey,ggriffey1p@over-blog.com,Bigender,1945-11-02,863 Superior Junction,6846759928
,506-74-0397,Netta,Arnall,narnall1q@ucla.edu,Genderqueer,1974-11-17,50489 Kenwood Hill,9265686766
,633-25-1656,Audi,Garfath,agarfath1r@gmpg.org,Genderfluid,1986-06-27,89 Swallow Crossing,6086952999
,197-78-1697,Lyndell,Nanni,lnanni1s@istockphoto.com,Female,1981-04-14,95637 Crest Line Circle,4927982284
,383-11-2439,Petey,Croasdale,pcroasdale1t@reuters.com,Male,2008-09-05,7661 Independence Point,3979382310
,493-06-7381,Connor,Stitwell,cstitwell1u@mozilla.com,Agender,1949-03-08,85 Lighthouse Bay Lane,7943026706
,461-28-5626,Selene,Dallman,sdallman1v@hibu.com,Genderqueer,1993-03-12,61 Killdeer Circle,1467598979
,816-18-4137,Sherill,Libby,slibby1w@oaic.gov.au,Genderqueer,2000-05-01,4 Artisan Park,7522401219
,306-16-4411,Codi,Pummell,cpummell1x@mit.edu,Genderqueer,1967-04-22,82 Anhalt Road,3462659610
,561-89-0294,Ellsworth,Hoggan,ehoggan1y@google.it,Agender,1948-05-28,6 Cascade Road,2642702887
,585-21-1481,Hamilton,Yockley,hyockley1z@google.cn,Bigender,1979-10-17,480 Eagan Center,8619951222
,421-37-2600,Sheela,Dancer,sdancer20@spiegel.de,Polygender,1962-04-25,36 Rockefeller Junction,5246819525
,333-63-2054,Anallise,Raynham,araynham21@dailymotion.com,Non-binary,1997-09-12,13594 Burrows Court,9568247643
,264-30-2971,Filmore,Maudett,fmaudett22@imageshack.us,Bigender,1976-09-26,6857 Oakridge Terrace,4975761384
,775-91-6195,Peg,Grouer,pgrouer23@scientificamerican.com,Genderfluid,1948-05-29,58 Fremont Road,7367427863
,154-21-6296,Meier,Assante,massante24@4shared.com,Genderfluid,1984-06-10,517 Prentice Court,4544180843
,328-73-9332,Trudey,Harbinson,tharbinson25@xinhuanet.com,Non-binary,2020-06-14,80360 Northfield Terrace,5532738817
,279-58-6980,Elmer,Teacy,eteacy26@ebay.co.uk,Genderfluid,1982-06-19,3 Huxley Avenue,2048676690
,181-18-6224,Marjorie,Urch,murch27@ucoz.ru,Non-binary,1988-08-20,968 Westport Point,2848471672
,625-99-9466,Gaylord,Brownett,gbrownett28@typepad.com,Male,1968-12-30,79111 Sage Drive,3755079798
,762-50-5910,Stacy,Wiersma,swiersma29@foxnews.com,Genderfluid,1992-03-02,5 Prairieview Terrace,8681862103
,179-38-9888,Elicia,De Mitri,edemitri2a@freewebs.com,Non-binary,1956-12-15,06170 Gulseth Junction,5888731587
,552-30-9410,Eada,Snalum,esnalum2b@state.gov,Genderfluid,2015-06-18,875 Longview Street,8365211360
,395-39-5108,Shellysheldon,Begbie,sbegbie2c@ycombinator.com,Genderqueer,1965-07-12,54043 Huxley Crossing,8286631308
,329-16-5062,Robbin,Payton,rpayton2d@sina.com.cn,Genderfluid,2013-02-27,485 Coolidge Junction,5937558897
,132-43-0445,Blayne,Sargood,bsargood2e@angelfire.com,Polygender,1959-04-19,148 Fairview Street,7818565052
,263-60-4800,Jock,Aujean,jaujean2f@ox.ac.uk,Male,2010-03-03,3 Northland Terrace,5719063705
,435-75-5687,Rosemarie,Davidesco,rdavidesco2g@accuweather.com,Female,1964-07-18,4409 Dunning Drive,4634158598
,161-17-4439,Erna,Pattemore,epattemore2h@photobucket.com,Male,1956-04-21,84 Northview Alley,1378615129
,326-55-1324,Zonda,Mablestone,zmablestone2i@biglobe.ne.jp,Female,1970-05-05,3 Redwing Avenue,1442336151
,567-91-1371,Meghan,Pepall,mpepall2j@jalbum.net,Female,1974-05-12,60 Claremont Court,5467995375
,791-59-7849,Tedd,Bellow,tbellow2k@dyndns.org,Genderqueer,1949-07-17,38573 Division Drive,9407398954
,114-89-8807,Gerta,Taylerson,gtaylerson2l@nifty.com,Female,2001-10-12,39 Roth Avenue,4972635070
,267-10-0757,L;urette,Deeney,ldeeney2m@jugem.jp,Polygender,1954-05-26,91 Vernon Court,7968988116
,398-60-1638,Perry,Whittingham,pwhittingham2n@ocn.ne.jp,Genderqueer,1975-05-18,537 Anzinger Court,2737741466
,267-88-6526,Arabella,Kedie,akedie2o@epa.gov,Agender,2017-07-28,110 Bluestem Terrace,3723706355
,313-24-5786,Noah,Rosendale,nrosendale2p@technorati.com,Agender,1978-07-17,6 Sugar Pass,8932031435
,834-24-5575,Nan,Rignall,nrignall2q@timesonline.co.uk,Genderqueer,1971-12-13,0 Sunfield Circle,1403808090
,145-43-0210,Alina,Vogel,avogel2r@weather.com,Polygender,1962-08-13,4150 8th Parkway,3041126232
,781-06-8111,Jenilee,Vanezis,jvanezis2s@webeden.co.uk,Genderqueer,1991-01-27,333 Blackbird Alley,7034082357
,162-90-2768,Milissent,Gough,mgough2t@washingtonpost.com,Male,1952-03-08,02 Roxbury Street,6658725532
,415-85-7351,Odie,Geaves,ogeaves2u@amazon.co.jp,Genderfluid,1995-01-20,55 Straubel Pass,1747230335
,807-14-6168,Warde,Rudgard,wrudgard2v@lycos.com,Genderfluid,1973-01-23,8834 Banding Point,4343387695
,157-26-2063,Conni,Ellissen,cellissen2w@yale.edu,Genderfluid,2013-06-23,80 Claremont Crossing,5682939583
,634-41-5892,Glendon,Kropp,gkropp2x@ehow.com,Genderqueer,2015-07-28,032 Division Alley,3135557335
,481-42-2561,Tessa,Lempertz,tlempertz2y@psu.edu,Agender,1940-11-13,6236 Rutledge Crossing,7719011378
,585-18-2626,Verney,Clair,vclair2z@comcast.net,Genderfluid,1977-03-31,69 Anniversary Center,3789196073
,723-20-0964,Lefty,Warby,lwarby30@wufoo.com,Bigender,1956-03-15,98502 Pearson Alley,8804667265
,151-44-2196,Alley,Twinterman,atwinterman31@simplemachines.org,Genderqueer,1964-08-14,32 Dixon Point,5817818536
,766-38-7603,Kimbra,Baume,kbaume32@youtu.be,Female,1940-05-04,0643 Oakridge Plaza,7691364750
,276-06-8887,Iggy,Pennell,ipennell33@jimdo.com,Agender,1963-05-15,57 Gateway Plaza,3849622794
,187-05-3000,Jo,Allward,jallward34@myspace.com,Genderfluid,1972-01-27,62 Fordem Trail,3627642045
,551-39-6700,Corey,Sweeney,csweeney35@mozilla.com,Non-binary,1991-06-08,8 Harbort Way,5017937650
,466-28-5949,Den,Kenewell,dkenewell36@ihg.com,Bigender,1990-12-09,06 Autumn Leaf Parkway,8589455453
,111-73-7220,Charisse,Spurret,cspurret37@geocities.jp,Female,1949-12-18,5686 Heffernan Lane,3129437955
,645-36-6023,Thaxter,Schusterl,tschusterl38@elegantthemes.com,Bigender,1945-07-14,12490 Scofield Road,9964778276
,261-84-3418,Tan,McQuillan,tmcquillan39@dell.com,Female,1990-03-15,00 Farmco Way,1989414518
,322-64-9440,Effie,Ginsie,eginsie3a@comsenz.com,Bigender,1970-01-15,944 Moulton Hill,5326427193
,505-11-4858,Shelia,Penni,spenni3b@aboutads.info,Polygender,1981-11-15,82 Independence Plaza,1435450060
,160-92-6516,Janith,Toffaloni,jtoffaloni3c@adobe.com,Genderqueer,1976-07-11,16008 Prairie Rose Way,2865718273
,385-40-6617,Randal,Conningham,rconningham3d@examiner.com,Polygender,2019-12-21,6 Morningstar Alley,3413138657
,555-62-9430,Alfie,McWhinnie,amcwhinnie3e@smugmug.com,Genderqueer,2011-04-12,9 Mayer Way,7161546776
,772-21-6725,Nanine,Davio,ndavio3f@msu.edu,Agender,1983-11-06,28784 Lillian Center,6813871532
,897-39-2725,Page,Bruhnsen,pbruhnsen3g@discovery.com,Agender,1987-03-11,0559 Hayes Circle,4858863174
,492-12-5085,Franni,Salasar,fsalasar3h@twitter.com,Male,1993-01-29,330 Rowland Alley,6481051501
,736-77-3092,Klaus,MacAless,kmacaless3i@ovh.net,Bigender,2021-10-10,6 Graedel Pass,8648964363
,361-40-1569,Mireille,Challin,mchallin3j@japanpost.jp,Non-binary,1999-11-07,361 Sheridan Road,5933604090
,719-58-3564,Gasper,Hinckes,ghinckes3k@twitpic.com,Non-binary,1949-01-05,6 Browning Court,7853267859
,683-22-7245,Felipa,Darte,fdarte3l@nhs.uk,Non-binary,1971-03-30,498 Pepper Wood Terrace,9469914851
,839-48-7552,Roi,Urey,rurey3m@washingtonpost.com,Female,1985-11-10,145 Bunker Hill Park,9948580540
,168-28-0614,Davidde,Del Dello,ddeldello3n@domainmarket.com,Polygender,1999-11-09,398 Gale Hill,7121948163
,304-69-3083,Sydney,McCroary,smccroary3o@hp.com,Bigender,1949-11-19,9003 Hauk Drive,8838862540
,182-01-0614,Milt,Siveyer,msiveyer3p@acquirethisname.com,Agender,1967-01-27,8300 Knutson Trail,8111602155
,693-23-9128,Jayson,Pepperill,jpepperill3q@taobao.com,Genderqueer,1964-09-15,62035 Transport Plaza,5879191912
,756-70-1055,Foster,Lyness,flyness3r@wunderground.com,Polygender,1961-03-24,2 Schiller Junction,8257431863
,408-53-0052,Lucas,Reddell,lreddell3s@google.cn,Polygender,1941-01-12,1 Stephen Lane,3482338415
,774-29-0661,Krystal,Reekie,kreekie3t@nhs.uk,Non-binary,1950-02-23,6 Arrowood Center,2508116984
,101-37-5323,Marven,Penas,mpenas3u@dailymail.co.uk,Genderfluid,2009-05-15,6316 Bartillon Park,3795847090
,692-62-3615,Doralynne,Thor,dthor3v@over-blog.com,Genderfluid,1991-02-24,32 Onsgard Pass,4146915361
,888-21-7766,Sibella,Valasek,svalasek3w@mediafire.com,Polygender,2003-02-02,7259 Monument Lane,9644943701
,473-84-6385,Vergil,Turbill,vturbill3x@imgur.com,Male,1959-04-08,01 Burning Wood Road,3503134795
,845-60-6764,Adriane,Stanbro,astanbro3y@usa.gov,Female,1982-05-09,3 Doe Crossing Trail,6263146253
,245-37-7506,Richy,Skakunas,rskakunas3z@cmu.edu,Non-binary,1959-05-13,516 Talmadge Parkway,3045335317
,385-05-4628,Barri,Dentith,bdentith40@discovery.com,Polygender,1974-07-28,7 Crownhardt Park,4152869238
,444-12-4236,Melva,Nazair,mnazair41@drupal.org,Bigender,2000-09-29,9152 Park Meadow Terrace,3002867432
,354-27-5251,Guglielma,Normavell,gnormavell42@columbia.edu,Female,1978-08-13,3 Gateway Center,7575154308
,896-15-8589,Harriot,Boxall,hboxall43@nhs.uk,Male,1968-10-07,365 Prairieview Point,2323442596
,609-28-3594,Merlina,Balch,mbalch44@instagram.com,Female,1952-04-19,12075 Sommers Hill,5045971706
,780-69-7205,Gus,Gratten,ggratten45@nationalgeographic.com,Genderfluid,1973-08-08,803 Comanche Drive,4219244687
,167-23-6948,Randolf,Fulop,rfulop46@wordpress.org,Genderqueer,1984-12-08,29 Calypso Terrace,6401792311
,622-69-3800,Dael,Esel,desel47@buzzfeed.com,Bigender,1947-11-16,6 Talmadge Place,4519997049
,474-11-3868,Michaeline,Nassi,mnassi48@jugem.jp,Genderfluid,1978-10-20,4564 Talisman Terrace,9432969794
,884-43-9229,Teirtza,Van Halle,tvanhalle49@marketwatch.com,Genderfluid,1952-01-31,580 Holmberg Way,8465632986
,387-03-1735,Vivyan,Sokell,vsokell4a@usa.gov,Agender,1946-04-04,2986 Banding Crossing,8289335045
,619-25-9335,Ethan,Ledrane,eledrane4b@csmonitor.com,Agender,2002-03-07,6982 Columbus Way,8254066353
,239-75-2694,Vince,Kiernan,vkiernan4c@mlb.com,Male,1985-07-03,88413 Lighthouse Bay Alley,3844673499
,756-42-3354,Lydon,Leyband,lleyband4d@smh.com.au,Genderqueer,1983-10-10,23 Bashford Street,1417086124
,681-95-8726,Rodolphe,Seath,rseath4e@spiegel.de,Genderfluid,1999-03-10,16305 Cascade Parkway,6086724525
,210-99-3067,Rudie,Dumbrall,rdumbrall4f@addtoany.com,Bigender,2006-08-24,1 Dawn Way,6598142170
,165-52-5004,Sharity,O'Hartnett,sohartnett4g@google.de,Agender,1964-11-11,2 Holmberg Terrace,9055872308
,670-44-7446,Bryn,Gerritzen,bgerritzen4h@photobucket.com,Genderfluid,1957-08-11,04 Miller Avenue,4459916589
,289-06-2139,Teddi,Jahan,tjahan4i@economist.com,Genderfluid,1960-06-06,45724 Carberry Road,2488063749
,327-17-2895,Shanda,Buxey,sbuxey4j@flickr.com,Agender,2013-07-13,362 Bonner Plaza,9863204197
,630-51-1393,Josi,Bhar,jbhar4k@hp.com,Genderqueer,1986-02-17,8 Superior Center,9496868628
,752-99-9767,Tessi,Howgill,thowgill4l@goodreads.com,Agender,2012-09-28,1791 Bunting Street,7789828884
,466-50-9041,Grethel,Poole,gpoole4m@clickbank.net,Bigender,1954-11-08,724 Rusk Center,2226296120
,839-50-5186,Tallie,Aldersley,taldersley4n@baidu.com,Polygender,1946-08-29,138 Ridgeview Trail,4242682414
,871-60-1411,Sid,Mills,smills4o@admin.ch,Bigender,1994-02-09,7 Dapin Parkway,1965461104
,879-83-2670,Chaddie,Manderson,cmanderson4p@nbcnews.com,Genderfluid,2006-10-19,99834 Golf Course Trail,8531397021
,370-51-8214,Gabriellia,Beining,gbeining4q@paypal.com,Non-binary,2011-04-28,7534 Emmet Terrace,7921338280
,755-57-2010,Humberto,Medeway,hmedeway4r@dailymail.co.uk,Agender,1974-07-11,86 Stang Point,1346850254
,699-77-2456,Aluin,Eannetta,aeannetta4s@ucla.edu,Agender,1949-05-11,8 Graedel Hill,9235331930
,887-35-8611,Conni,Overstall,coverstall4t@ox.ac.uk,Agender,1955-12-12,77 Pearson Parkway,4113854800
,892-42-0410,Midge,Emor,memor4u@g.co,Genderqueer,1942-05-18,65 Buhler Point,1477579917
,338-86-2847,Karia,Galbreth,kgalbreth4v@blogspot.com,Agender,2006-12-28,6981 Montana Avenue,9455565897
,698-92-3849,Ilene,Tofts,itofts4w@businesswire.com,Bigender,2015-02-02,7 Loeprich Junction,8353477180
,151-65-6297,Andy,Rumford,arumford4x@jimdo.com,Non-binary,1985-01-15,64291 Oriole Drive,1364710709
,899-82-8081,Turner,Stacey,tstacey4y@nba.com,Genderfluid,1966-12-14,1170 New Castle Parkway,7254726758
,536-88-8248,Aaron,Croley,acroley4z@businesswire.com,Male,1999-01-02,83979 Butternut Trail,6454703932
,370-88-0187,Rudolfo,Fuke,rfuke50@godaddy.com,Polygender,1961-07-11,2 Derek Lane,1551683318
,193-48-5325,Ardelia,Elsby,aelsby51@vinaora.com,Male,1945-01-16,6108 Starling Parkway,2036662062
,177-24-8501,Lilas,Clementson,lclementson52@quantcast.com,Genderqueer,1949-02-19,333 Anhalt Hill,7122752569
,868-49-1357,Tann,Scyone,tscyone53@go.com,Genderfluid,2019-12-10,39 Bay Crossing,2695346929
,498-70-4373,Doloritas,Souter,dsouter54@prlog.org,Genderfluid,2021-07-15,23447 Thierer Street,7227212266
,619-44-4019,Dorthy,Vondracek,dvondracek55@squarespace.com,Non-binary,1957-05-18,286 Summit Junction,5457452784
,561-58-7442,Maurise,Guion,mguion56@indiatimes.com,Female,1957-11-08,5638 Macpherson Avenue,6099151704
,854-22-1452,Kris,Nigh,knigh57@soup.io,Male,1960-06-25,50842 Red Cloud Parkway,9501909319
,212-72-4361,Pammy,Whitter,pwhitter58@state.gov,Male,1996-11-30,35 Monument Park,7404681249
,271-86-5288,Berget,Tatteshall,btatteshall59@google.co.uk,Bigender,1969-10-10,6588 Shelley Drive,8744373144
,822-60-9923,Lazar,Durbann,ldurbann5a@w3.org,Bigender,1975-11-23,1 Meadow Ridge Road,4765598232
,574-06-4760,Carolina,Haborn,chaborn5b@imageshack.us,Genderfluid,1986-08-02,2305 Hudson Park,4948004621
,190-27-6290,Waiter,Dalton,wdalton5c@google.ca,Genderqueer,1982-07-19,98062 Hollow Ridge Crossing,1323438087
,696-58-9353,Ashleigh,Manzell,amanzell5d@jiathis.com,Polygender,1958-02-02,9 Ridgeway Park,6404687042
,286-93-1322,Davis,Dawidowsky,ddawidowsky5e@goo.ne.jp,Male,1978-07-09,83348 Dunning Street,1899196814
,766-97-9248,Raimund,Wilkerson,rwilkerson5f@meetup.com,Male,1986-11-27,23811 Mendota Center,6604166659
,834-61-5119,Adrianne,Feary,afeary5g@squarespace.com,Male,1954-08-16,3 New Castle Circle,2184158636
,340-26-4168,Jocelyne,Bebb,jbebb5h@miitbeian.gov.cn,Genderfluid,1984-03-06,9297 Katie Alley,4398687344
,588-60-1104,Avram,Bautiste,abautiste5i@mediafire.com,Bigender,2018-03-06,6523 Bashford Court,2485627958
,802-64-3480,Sampson,Wakeham,swakeham5j@home.pl,Female,1991-04-03,577 Scott Circle,1706326375
,649-88-1894,Demetrius,Ravenscroft,dravenscroft5k@t-online.de,Polygender,1960-03-23,8 Hanover Crossing,9182649705
,199-71-7591,Bertram,Yvens,byvens5l@discovery.com,Female,1972-09-01,612 Manley Street,4186149476
,532-85-0525,Ketty,Maleney,kmaleney5m@lulu.com,Genderfluid,1951-09-11,350 Buhler Place,6717732639
,406-45-3056,Florrie,McPhillips,fmcphillips5n@goodreads.com,Bigender,2002-09-08,9707 Village Green Point,5237835685
,147-44-0993,Chastity,McKintosh,cmckintosh5o@jiathis.com,Agender,1958-03-15,80 Mosinee Way,6923587993
,897-66-2183,Jewelle,Greenhall,jgreenhall5p@weibo.com,Bigender,1990-05-05,3 Heath Drive,8732976799
,743-33-7829,Catharine,Djurdjevic,cdjurdjevic5q@sfgate.com,Genderqueer,2016-03-25,0 Truax Drive,4185151512
,165-38-7078,Bella,Commusso,bcommusso5r@tinypic.com,Female,1976-08-06,333 Northwestern Crossing,9598287436
,319-31-8403,Lucine,Drable,ldrable5s@wikimedia.org,Female,2015-12-19,7 Drewry Parkway,5256149190
,509-61-3903,Nicola,Zincke,nzincke5t@uiuc.edu,Agender,1982-11-25,5695 Stang Court,4174854341
,886-66-0388,Dolores,Karel,dkarel5u@homestead.com,Genderfluid,1957-08-05,33096 Parkside Way,8128503171
,807-38-5311,Dian,MacCleay,dmaccleay5v@theguardian.com,Agender,2019-03-31,78 Kipling Park,7526981430
,701-21-3333,Putnem,Harrowsmith,pharrowsmith5w@springer.com,Genderfluid,1953-09-18,58239 Hazelcrest Place,1626706859
,570-84-3512,Chadwick,Ryhorovich,cryhorovich5x@businessweek.com,Genderfluid,1977-05-25,712 Evergreen Alley,9983711210
,705-03-0549,Roderich,Nern,rnern5y@ezinearticles.com,Male,2020-05-10,17 Del Mar Point,2606136580
,488-96-2218,Katlin,Froschauer,kfroschauer5z@nsw.gov.au,Bigender,1964-09-08,77474 Pawling Hill,6839970819
,879-44-6419,Hubie,Tripet,htripet60@mit.edu,Genderqueer,2005-11-28,202 Michigan Drive,5778757492
,326-64-2067,Virgilio,Peasee,vpeasee61@census.gov,Genderfluid,1953-07-19,524 Spenser Road,5095338145
,637-16-5707,Erhart,Riches,eriches62@cnn.com,Bigender,1969-06-30,21 Village Street,9465638481
,897-01-2776,Lura,Noke,lnoke63@dailymail.co.uk,Non-binary,1978-09-03,9840 Glacier Hill Plaza,9943634120
,449-84-7220,Micaela,Ector,mector64@comcast.net,Non-binary,1957-08-15,89720 Hansons Center,2738957480
,212-47-4078,Cleopatra,Gittens,cgittens65@msn.com,Agender,2002-05-16,38733 Gateway Alley,9049323494
,188-33-6016,Elvera,Brewis,ebrewis66@mysql.com,Non-binary,1974-02-17,6 Hanson Terrace,9947355771
,161-74-9677,Orly,Tithecote,otithecote67@admin.ch,Non-binary,1950-06-28,49507 Beilfuss Terrace,3172957852
,563-59-0710,Merlina,Goghin,mgoghin68@mtv.com,Genderqueer,1982-09-14,47 Lerdahl Avenue,7486735339
,744-17-5584,Averill,Chatwin,achatwin69@baidu.com,Bigender,1978-05-13,7 Randy Junction,9327531685
,604-77-3824,Asher,Gyorffy,agyorffy6a@gnu.org,Agender,1943-05-27,1 Morrow Trail,9033126746
,874-93-6861,Concordia,Donati,cdonati6b@netscape.com,Agender,1993-06-02,8511 Sunbrook Street,9955232482
,815-64-7878,Luigi,Ilchuk,lilchuk6c@a8.net,Agender,1984-09-27,2 New Castle Alley,1514398179
,849-03-8055,Hogan,Cutten,hcutten6d@biglobe.ne.jp,Bigender,1980-05-15,4212 Evergreen Avenue,1889107980
,119-53-5871,Letty,De Lasci,ldelasci6e@youtu.be,Polygender,1978-09-15,191 Chive Parkway,1375182133
,116-15-8907,Douglass,Haglington,dhaglington6f@tuttocitta.it,Agender,2010-10-25,0 2nd Circle,8113582668
,789-17-6758,Amberly,Payfoot,apayfoot6g@chron.com,Female,2004-02-07,980 Barnett Lane,3513209968
,207-40-1043,Betteanne,Atteridge,batteridge6h@slashdot.org,Polygender,1992-02-02,8364 Drewry Park,4288129544
,839-89-4306,Stillman,Domenicone,sdomenicone6i@omniture.com,Genderfluid,1957-01-16,03 Sachtjen Junction,7135601439
,659-72-2276,Candace,Lotte,clotte6j@house.gov,Female,1997-02-16,0669 Old Gate Place,6499413767
,694-69-2811,Melisent,Broadstock,mbroadstock6k@cpanel.net,Genderfluid,1968-11-22,98 Independence Place,6995528862
,328-88-8147,Crissie,Feldman,cfeldman6l@last.fm,Male,1994-01-21,93648 Spohn Avenue,3155620320
,482-54-3297,Derick,Casolla,dcasolla6m@springer.com,Bigender,1996-12-20,68 Jay Lane,2595603545
,867-18-0893,Jakob,Burghall,jburghall6n@gnu.org,Genderfluid,2002-02-19,25427 Sutherland Trail,4743041302
,888-84-8422,Haven,Clothier,hclothier6o@wp.com,Genderfluid,2003-11-24,098 Moose Avenue,9533922081
,753-12-5937,Blaire,Zukerman,bzukerman6p@clickbank.net,Agender,2011-10-01,307 Debs Lane,2017051645
,895-64-6861,Kyle,Axup,kaxup6q@symantec.com,Female,1984-08-18,08 Green Ridge Plaza,1698087553
,765-49-4967,Modesty,Sutherby,msutherby6r@army.mil,Bigender,1989-11-11,90674 Thackeray Terrace,5308052774
,172-48-1429,Mildrid,Dungate,mdungate6s@princeton.edu,Male,2004-04-30,563 Derek Street,2718299676
,258-29-5072,Keelby,Rubinivitz,krubinivitz6t@deviantart.com,Male,1975-12-22,67520 Monument Way,2936276288
,755-97-5198,Ernest,Prestie,eprestie6u@1und1.de,Genderfluid,1999-05-11,3 Delaware Circle,4996382508
,430-16-4495,Adolphus,Wotton,awotton6v@harvard.edu,Male,1950-02-21,2 Sage Crossing,2333799283
,657-57-2224,Gwenneth,Martland,gmartland6w@nyu.edu,Bigender,1955-05-27,233 Monterey Junction,8588892573
,258-47-6312,Marin,Wapple,mwapple6x@wunderground.com,Female,1996-12-24,7 Mosinee Crossing,8172413467
,415-77-1496,Jaine,Hullett,jhullett6y@nps.gov,Agender,1974-10-10,267 Di Loreto Junction,4059094975
,598-43-5820,Annamarie,Heathcott,aheathcott6z@livejournal.com,Genderqueer,1991-04-20,535 Golf View Pass,2226445453
,770-10-5037,Hannie,Gravestone,hgravestone70@tripod.com,Polygender,1994-10-02,2039 Dorton Pass,4949301957
,239-89-7871,Bella,Danshin,bdanshin71@nationalgeographic.com,Genderqueer,1996-06-11,0 Bluestem Pass,4205711204
,634-25-1897,Lorelei,Drage,ldrage72@gmpg.org,Genderqueer,1997-11-07,04 Comanche Street,7534091846
,219-51-1308,Ania,Blackford,ablackford73@amazon.de,Polygender,1973-06-15,95173 South Court,7319846646
,675-51-1957,Buiron,Klimp,bklimp74@tuttocitta.it,Genderfluid,1996-10-03,6 Charing Cross Center,2652686459
,344-83-1153,Eadie,Whight,ewhight75@gov.uk,Polygender,1952-07-20,20 Commercial Crossing,7477124577
,780-86-9207,Hortensia,Plumb,hplumb76@java.com,Male,1998-09-10,853 Blaine Alley,4186354976
,848-52-8661,Kally,Seville,kseville77@mozilla.org,Bigender,2001-05-02,9291 Sullivan Junction,4861037680
,777-59-4075,Myron,Archdeacon,marchdeacon78@sourceforge.net,Non-binary,1974-12-19,83 Sheridan Crossing,1224709043
,829-95-7057,Erda,Godsafe,egodsafe79@earthlink.net,Genderqueer,2013-04-21,1 Talmadge Alley,5955673311
,243-11-6586,Ashbey,Swetmore,aswetmore7a@biblegateway.com,Non-binary,1958-01-15,487 Anhalt Plaza,2782845720
,110-20-2634,Annora,Filyashin,afilyashin7b@mozilla.org,Polygender,1944-08-31,44783 Pepper Wood Avenue,4215951071
,731-59-6957,Annemarie,Andrus,aandrus7c@mysql.com,Agender,2021-01-05,9471 Dunning Pass,6962159753
,249-53-6329,Ediva,Sibbe,esibbe7d@mediafire.com,Genderfluid,1951-10-04,45 Logan Street,3008933310
,188-04-5864,Cameron,Latek,clatek7e@i2i.jp,Polygender,2012-01-12,6561 Kensington Drive,2627538169
,280-19-7478,Even,Lipscombe,elipscombe7f@joomla.org,Polygender,1993-08-26,1 Glacier Hill Junction,4337320331
,498-11-8626,Leila,Dacks,ldacks7g@oaic.gov.au,Bigender,1975-09-05,43113 Grasskamp Circle,9512941261
,574-61-7818,Bab,Hefner,bhefner7h@github.com,Male,1952-04-06,725 Westend Center,9071539001
,736-41-4650,Blythe,Haughin,bhaughin7i@naver.com,Male,1966-07-20,31311 Sommers Trail,2012830361
,249-17-8148,Jarad,Beckinsall,jbeckinsall7j@gizmodo.com,Genderfluid,1981-05-04,70 Oak Park,8942467602
,453-38-6592,Pierette,Tregaskis,ptregaskis7k@skype.com,Polygender,1964-01-12,48 Bashford Center,3925565124
,281-15-2865,Josy,Crimmins,jcrimmins7l@columbia.edu,Bigender,1982-03-07,076 Waxwing Lane,3137490781
,366-55-3207,Kelcey,Postle,kpostle7m@theguardian.com,Agender,1991-07-31,0 Hermina Point,7924760458
,603-62-6605,Nils,Skillanders,nskillanders7n@noaa.gov,Polygender,1959-03-30,77095 Merrick Hill,3167026295
,696-05-1535,Kennett,Ruthven,kruthven7o@sun.com,Genderqueer,1974-10-15,64 Memorial Park,9706644390
,577-52-0085,Elliot,Pingstone,epingstone7p@columbia.edu,Genderqueer,1997-01-07,9 Dwight Street,8045386801
,502-19-9666,Corabelle,Bothram,cbothram7q@exblog.jp,Genderqueer,2007-05-15,5 Carey Place,9364875437
,760-96-0237,Juana,Dobbie,jdobbie7r@prlog.org,Agender,1953-01-02,20802 Anniversary Drive,6532930140
,360-70-7682,Jeni,Guiduzzi,jguiduzzi7s@bbb.org,Male,1997-09-22,2 Bashford Pass,2857692615
,840-90-4613,Tommi,Preddy,tpreddy7t@patch.com,Non-binary,1947-02-04,573 Stephen Way,2397848165
,888-56-3390,Isa,Mulqueen,imulqueen7u@fema.gov,Genderqueer,1957-02-28,7502 Farmco Crossing,5965012747
,826-48-2433,Lyndsie,Kelleher,lkelleher7v@tuttocitta.it,Non-binary,1969-01-15,395 Longview Center,8726237790
,763-90-5192,Ruddie,Skupinski,rskupinski7w@unblog.fr,Bigender,2000-02-04,48338 Di Loreto Parkway,6404334180
,163-83-1075,Kirk,Moyes,kmoyes7x@tiny.cc,Polygender,2003-10-21,6 Vernon Pass,4195364202
,109-16-5614,Germain,Oxtaby,goxtaby7y@squarespace.com,Polygender,1960-03-29,50237 Hovde Plaza,4632085843
,706-51-5273,Giovanna,Wegman,gwegman7z@google.com.hk,Agender,1982-11-10,9 North Terrace,7938519873
,459-92-0093,Max,Matyushenko,mmatyushenko80@networksolutions.com,Non-binary,2020-06-16,44500 Daystar Court,6542256349
,278-39-5787,Leigh,Barbosa,lbarbosa81@whitehouse.gov,Non-binary,2012-12-03,222 Mendota Trail,2587635175
,710-68-3562,Bevan,Gwilt,bgwilt82@goo.gl,Polygender,2018-02-27,43299 Grasskamp Point,8674835023
,514-69-7938,Morgan,Gaskall,mgaskall83@soundcloud.com,Non-binary,1946-04-04,6399 Bartelt Parkway,5851007111
,415-45-1381,Avril,Cantero,acantero84@wp.com,Female,1988-11-29,75617 Toban Road,8105243319
,289-10-7661,Karina,Pillinger,kpillinger85@bandcamp.com,Polygender,1953-05-28,39 Lyons Hill,1797341283
,455-70-3582,Garrek,Kubasek,gkubasek86@blogspot.com,Genderqueer,1986-11-06,5044 Anzinger Hill,5192777560
,361-84-9212,Brenna,Tysack,btysack87@phpbb.com,Female,2006-06-05,07571 Vera Lane,8879299234
,261-32-8550,Cara,Suddards,csuddards88@businesswire.com,Male,2014-05-05,82690 Summerview Terrace,7916839348
,224-19-4592,Elvera,McNirlan,emcnirlan89@godaddy.com,Genderqueer,1945-12-30,3 Vernon Junction,1752258958
,851-54-3190,Mary,Sterland,msterland8a@furl.net,Genderqueer,1992-12-11,65 Vermont Drive,2872146943
,616-41-5346,Manya,Van der Linde,mvanderlinde8b@state.gov,Genderqueer,1954-11-29,38 Cody Crossing,5928548178